{
  "hash": "2f9b105e",
  "configHash": "c4677f89",
  "lockfileHash": "c5b65e70",
  "browserHash": "c5500532",
  "optimized": {
    "@angular/common": {
      "src": "../../../../../node_modules/@angular/common/fesm2022/common.mjs",
      "file": "@angular_common.js",
      "fileHash": "ac38af7d",
      "needsInterop": false
    },
    "@angular/common/http": {
      "src": "../../../../../node_modules/@angular/common/fesm2022/http.mjs",
      "file": "@angular_common_http.js",
      "fileHash": "2f14eec9",
      "needsInterop": false
    },
    "@angular/core": {
      "src": "../../../../../node_modules/@angular/core/fesm2022/core.mjs",
      "file": "@angular_core.js",
      "fileHash": "d76a5ed1",
      "needsInterop": false
    },
    "@angular/platform-browser": {
      "src": "../../../../../node_modules/@angular/platform-browser/fesm2022/platform-browser.mjs",
      "file": "@angular_platform-browser.js",
      "fileHash": "9f881a5f",
      "needsInterop": false
    },
    "@angular/router": {
      "src": "../../../../../node_modules/@angular/router/fesm2022/router.mjs",
      "file": "@angular_router.js",
      "fileHash": "f67a2fcf",
      "needsInterop": false
    }
  },
  "chunks": {
    "chunk-74HPGAAI": {
      "file": "chunk-74HPGAAI.js"
    },
    "chunk-HXKUM5HF": {
      "file": "chunk-HXKUM5HF.js"
    },
    "chunk-XFCOUONH": {
      "file": "chunk-XFCOUONH.js"
    },
    "chunk-5FUJWLSI": {
      "file": "chunk-5FUJWLSI.js"
    }
  }
}